"version","total_lines","comments","blanks","mapping","functions","payable","events","modifiers","contracts_definition","addresses","contracts","libraries","interfaces","submission_date","bytecode","ABI","address"
"Not defined",186,3,361,6,32,0,2,2,2,13,2,0,0,"2016-07-19",6288,13484,"0x001a589dda0d6be37632925eaf1256986b2c6ad0"
"Not defined",381,96,725,3,25,0,10,3,4,27,4,0,0,"2016-08-31",4357,13986,"0x00349a8ef046360862043fedc81d3e413057511f"
"Not defined",381,96,725,3,25,0,10,3,4,27,4,0,0,"2016-08-31",4357,13986,"0x00a25423ea69cf41caa9fd22f197623b9607b99c"
"Not defined",381,96,725,3,25,0,10,3,4,27,4,0,0,"2016-08-31",4357,13986,"0x0111fe2e6894128bfc46895f336ca069ec5c16e0"
"Not defined",381,96,725,3,25,0,10,3,4,27,4,0,0,"2016-08-31",4357,13986,"0x04ab1ae22add9b0d991aca80a0eb74de14fd2a8d"
"Not defined",381,96,725,3,25,0,10,3,4,27,4,0,0,"2016-08-31",4357,13986,"0x061103444ca263bc78268f4ed2545a045264f652"
"Not defined",381,96,725,3,25,0,10,3,4,27,4,0,0,"2016-08-31",4357,13986,"0x070b489e350a831150985f01b8d860c540f4dd3b"
"Not defined",381,96,725,3,25,0,10,3,4,27,4,0,0,"2016-08-31",4357,13986,"0x0d0982a2bf44619962dda80da6129f566ff58980"
"Not defined",381,96,725,3,25,0,10,3,4,27,4,0,0,"2016-08-31",4357,13986,"0x118e48ebc29816761022824c047202f1c8698d22"
"Not defined",381,96,725,3,25,0,10,3,4,27,4,0,0,"2016-08-31",4357,13986,"0x12d91cfd4aef54d3747eaea219ebffcdc8834d03"
"Not defined",381,96,725,3,25,0,10,3,4,27,4,0,0,"2016-08-31",4357,13986,"0x1312b8c99b6d1744e2f4dc992244cb477dd07f18"
"Not defined",381,96,725,3,25,0,10,3,4,27,4,0,0,"2016-08-31",4357,13986,"0x1498067713323b8fb8398a2087781629e334d7a9"
"Not defined",381,96,725,3,25,0,10,3,4,27,4,0,0,"2016-08-31",4357,13986,"0x151b99421883e18cecf41f194c2cd9a83a6bbce2"
"Not defined",381,96,725,3,25,0,10,3,4,27,4,0,0,"2016-08-31",4357,13986,"0x16720400d99de846b2491c6f0ec80ba091e47553"
"Not defined",1049,274,2017,5,45,0,4,4,1,31,1,0,0,"2016-09-04",6299,21780,"0x18a672e11d637fffadccc99b152f4895da069601"
"Not defined",381,96,725,3,25,0,10,3,4,27,4,0,0,"2016-08-31",4357,13986,"0x1a68cebf23f4155be113ce8cbf076a84c0d7c7c3"
"Not defined",28,0,52,0,4,0,0,0,2,2,2,0,0,"2016-07-25",263,1104,"0x1e143b2588705dfea63a17f2032ca123df995ce0"
"Not defined",18,4,32,0,2,0,1,0,1,1,1,0,0,"2016-07-07",359,302,"0x1e9d5e4ed8ef31cfece10b4c92c9057f991f36bc"
"Not defined",381,96,725,3,25,0,10,3,4,27,4,0,0,"2016-08-31",4357,13986,"0x1ea2dbd76a015d2fc2a4db3fde2737e2828d0265"
"Not defined",381,96,725,3,25,0,10,3,4,27,4,0,0,"2016-08-31",4357,13986,"0x2182092058fcbd993533274d4a1d83f7432fc2b1"
"Not defined",38,18,70,0,3,0,0,0,1,1,1,0,0,"2016-07-20",335,766,"0x23141df767233776f7cbbec497800ddedaa4c684"
"Not defined",381,96,725,3,25,0,10,3,4,27,4,0,0,"2016-08-31",4357,13986,"0x246e06eab57b5fdf6c003c3a57e92dd33c8521b2"
"Not defined",381,96,725,3,25,0,10,3,4,27,4,0,0,"2016-08-31",4357,13986,"0x25803e9f09644ee8d133d54159703291806485bc"
"Not defined",63,0,122,0,2,0,0,0,1,4,1,0,0,"2016-04-06",861,2090,"0x258d778e4771893758dfd3e7dd1678229320eeb5"
"Not defined",1233,300,2247,11,71,0,11,3,9,116,9,0,0,"2016-05-24",9450,26088,"0x25af8d824b3b078a589e47418a95b4388d1552f4"
"Not defined",381,96,725,3,25,0,10,3,4,27,4,0,0,"2016-08-31",4357,13986,"0x28897862463f44ad0c5a6b50fae38e14376ddb77"
"Not defined",381,96,725,3,25,0,10,3,4,27,4,0,0,"2016-08-31",4357,13986,"0x289bb268350dca2c61c407611db755067f476e55"
"Not defined",381,96,725,3,25,0,10,3,4,27,4,0,0,"2016-08-31",4357,13986,"0x292ac48a1050f3e8c967df295ff7dc00f00ae1e8"
"Not defined",381,96,725,3,25,0,10,3,4,27,4,0,0,"2016-08-31",4357,13986,"0x298f6444c7889a2284689badba002b63b383b4e7"
"Not defined",381,96,725,3,25,0,10,3,4,27,4,0,0,"2016-08-31",4357,13986,"0x2b50f9a3d846a14d31e8ae9c7d3a038a54938402"
"Not defined",271,45,530,3,20,0,0,6,1,15,1,0,0,"2016-04-28",2963,9628,"0x2c2e3baa2191cf325a28a01ff42340f2ae677572"
"Not defined",381,96,725,3,25,0,10,3,4,27,4,0,0,"2016-08-31",4357,13986,"0x2cdc24bf783862ec0b87620d54cc3027bf448027"
"Not defined",381,96,725,3,25,0,10,3,4,27,4,0,0,"2016-08-31",4357,13986,"0x2e75851a2504425d7dc03544eb98f1f8b11eeb51"
"Not defined",381,96,725,3,25,0,10,3,4,27,4,0,0,"2016-08-31",4357,13986,"0x2f54bddc87655ae6a035897d3a2f7919b14acf49"
"Not defined",381,96,725,3,25,0,10,3,4,27,4,0,0,"2016-08-31",4357,13986,"0x301e7ac2f3033aa3b724e467f03e0713f9fa0d24"
"Not defined",381,96,725,3,25,0,10,3,4,27,4,0,0,"2016-08-31",4357,13986,"0x301eae0d889e3b5a0db9d24c5ff82415bdf30b11"
"Not defined",12,0,20,0,1,0,1,0,1,1,1,0,0,"2016-07-06",112,334,"0x3039d0a94d51c67a4f35e742b571874e53467804"
"Not defined",381,96,725,3,25,0,10,3,4,27,4,0,0,"2016-08-31",4357,13986,"0x30969c9988f0e91d727d06013f00db6496c759b4"
"Not defined",381,96,725,3,25,0,10,3,4,27,4,0,0,"2016-08-31",4357,13986,"0x31d14d8dd068ca7ae46b50760422b41c0fd9d6f5"
"Not defined",166,20,299,0,15,0,2,1,2,16,2,0,0,"2016-04-14",4483,5402,"0x33a683a7af55942220e4efec514da11b5dc47996"
"Not defined",381,96,725,3,25,0,10,3,4,27,4,0,0,"2016-08-31",4357,13986,"0x35e429e927e6a36bd05217b53ae793e79bea5f41"
"Not defined",381,96,725,3,25,0,10,3,4,27,4,0,0,"2016-08-31",4357,13986,"0x387cd02468ec67c3e2d4f3da74f0cfb00220b71f"
"Not defined",381,96,725,3,25,0,10,3,4,27,4,0,0,"2016-08-31",4357,13986,"0x3aefb81d938aeca70431da51facf63d5a36ded3c"
"Not defined",381,96,725,3,25,0,10,3,4,27,4,0,0,"2016-08-31",4357,13986,"0x3b4dd9505cc53890d3f1df1b258b6664fd0a650d"
"Not defined",381,96,725,3,25,0,10,3,4,27,4,0,0,"2016-08-31",4357,13986,"0x3b79cd6e5e7c2f1c0114ca65de2c7361181b352e"
"Not defined",381,96,725,3,25,0,10,3,4,27,4,0,0,"2016-08-31",4357,13986,"0x3ddb8784f60c723aa6b8ba76a3eea54776e1e821"
"Not defined",381,96,725,3,25,0,10,3,4,27,4,0,0,"2016-08-31",4357,13986,"0x3ea4f81981d3c666d900805211d537d3e9449a58"
"Not defined",139,27,243,2,8,0,4,0,1,7,1,0,0,"2016-06-07",2824,5252,"0x3f2d17ed39876c0864d321d8a533ba8080273ede"
"Not defined",75,0,130,0,4,0,0,1,1,3,1,0,0,"2016-04-06",838,2212,"0x4028b9672bfd71ba2fcd97a6c82e06f72eaa14ba"
"Not defined",55,6,99,1,5,0,0,0,1,2,1,0,0,"2016-04-12",1014,972,"0x407113f6b520f3ac72386cfb0eee9ed3930512c0"
"Not defined",21,3,37,0,3,0,0,0,2,1,2,0,0,"2016-07-26",144,562,"0x40ebf2d6e998a76a848c41908733b26e04adffe2"
"Not defined",381,96,725,3,25,0,10,3,4,27,4,0,0,"2016-08-31",4357,13986,"0x4252672e258530daf201f49a6b737514841af30f"
"Not defined",51,14,93,0,2,0,0,0,1,1,1,0,0,"2016-04-04",856,1676,"0x43bbc7fafb860d974037b8f7dd06b6f6fe799b3e"
"Not defined",359,30,706,1,29,0,3,1,1,20,1,0,0,"2016-03-27",4115,16458,"0x446d1696a5527018453cda3d67aa4c2cd189b9f6"
"Not defined",381,96,725,3,25,0,10,3,4,27,4,0,0,"2016-08-31",4357,13986,"0x45782078865fe44838ab0ffd4d1c6bbdbf8de6ce"
"Not defined",381,96,725,3,25,0,10,3,4,27,4,0,0,"2016-08-31",4357,13986,"0x4611e3d2b8349edd804fffd05dcdf9ccd1eea2b4"
"Not defined",75,0,130,0,4,0,0,1,1,3,1,0,0,"2016-04-04",838,2250,"0x4668cd871eba35997e1fbe66d0eddf6612d018ce"
"Not defined",381,96,725,3,25,0,10,3,4,27,4,0,0,"2016-08-31",4357,13986,"0x46e25ac2a4d37a9bc2c97bbb07afffed0d570f5b"
"Not defined",120,37,215,0,4,0,0,1,1,3,1,0,0,"2016-03-26",1190,3080,"0x4865e85c72a27ca6c362da75ba6707c07464b953"
"Not defined",381,96,725,3,25,0,10,3,4,27,4,0,0,"2016-08-31",4357,13986,"0x48eaed7f48eea6ab8227377c87097be8a140b48c"
"Not defined",381,96,725,3,25,0,10,3,4,27,4,0,0,"2016-08-31",4357,13986,"0x49f99866dca43ac1ff34685fb933e04b2631c127"
"Not defined",381,96,725,3,25,0,10,3,4,27,4,0,0,"2016-08-31",4357,13986,"0x4b81355d476c1f0f0af2ed528fba8b6039afc563"
"Not defined",381,96,725,3,25,0,10,3,4,27,4,0,0,"2016-08-31",4357,13986,"0x4ba0e2869c82433210f0c7cd2325251999971def"
"Not defined",381,96,725,3,25,0,10,3,4,27,4,0,0,"2016-08-31",4357,13986,"0x4cf1fb602758744fc8b782c948ae52fd85ed62e3"
"Not defined",381,96,725,3,25,0,10,3,4,27,4,0,0,"2016-08-31",4357,13986,"0x4d765592d18d89a1c8a629a13a44fa95adbfbcab"
"Not defined",381,96,725,3,25,0,10,3,4,27,4,0,0,"2016-08-31",4357,13986,"0x5000350f6eecab326612fb145f992e9d65928e17"
"Not defined",381,96,725,3,25,0,10,3,4,27,4,0,0,"2016-08-31",4357,13986,"0x50130c0f57ef8ef8e08a66b0425f5d62027dd641"
"Not defined",551,29,1054,3,53,0,0,2,4,15,4,0,0,"2016-06-14",4104,14304,"0x50739060a2c32dc076e507ae1a893aab28ecfe68"
"Not defined",381,96,725,3,25,0,10,3,4,27,4,0,0,"2016-08-31",4357,13986,"0x51dd1af038850636119d5aadf013716354e98067"
"Not defined",381,96,725,3,25,0,10,3,4,27,4,0,0,"2016-08-31",4357,13986,"0x56aac7de8b239deb85cb7f1bb7f46d2639c6ecc6"
"Not defined",381,96,725,3,25,0,10,3,4,27,4,0,0,"2016-08-31",4357,13986,"0x5706414a954e4efc12fb88424b90ff54003f10a4"
"Not defined",306,4,558,1,41,0,4,2,9,60,9,0,0,"2016-05-18",5439,13716,"0x57d90b64a1a57749b0f932f1a3395792e12e7055"
"Not defined",551,29,1054,3,53,0,0,2,4,15,4,0,0,"2016-06-14",4104,14304,"0x597cc90774efed11ead1dd72828768d4563350f5"
"Not defined",166,20,299,0,15,0,2,1,2,16,2,0,0,"2016-05-20",4483,5404,"0x5d9b8fa00c16bcafae47deed872e919c8f6535bf"
"Not defined",381,96,725,3,25,0,10,3,4,27,4,0,0,"2016-08-31",4357,13986,"0x5e789c76a4dcdb575c06e18777c098f0565ef2ca"
"Not defined",75,0,130,0,4,0,0,1,1,3,1,0,0,"2016-04-02",887,2290,"0x5e84c1a6e8b7cd42041004de5cd911d537c5c007"
"Not defined",381,96,725,3,25,0,10,3,4,27,4,0,0,"2016-08-31",4357,13986,"0x604dde2cdb828797914006ec346be0bf1edb595c"
"Not defined",381,96,725,3,25,0,10,3,4,27,4,0,0,"2016-08-31",4357,13986,"0x606fa99195b65033d605628ff74a6b583ec15ca4"
"Not defined",748,36,1370,3,64,0,7,21,4,30,4,0,0,"2016-07-14",6226,18350,"0x60aa80fe41b43c180870a137c7a87334e5c3cb5d"
"Not defined",545,9,1005,1,90,0,2,7,7,93,7,0,0,"2016-07-22",9940,16866,"0x60d7162c7f0cf6580050b34c078d62649873e891"
"Not defined",381,96,725,3,25,0,10,3,4,27,4,0,0,"2016-08-31",4357,13986,"0x61064db400ab04c1cea2797a1a417268cf096f03"
"Not defined",381,96,725,3,25,0,10,3,4,27,4,0,0,"2016-08-31",4357,13986,"0x62ca869bafea0c77234e48018d9c67f7c0cd197a"
"Not defined",381,96,725,3,25,0,10,3,4,27,4,0,0,"2016-08-31",4357,13986,"0x63158d4a01d8367f142beb72689b9647a0ccae30"
"Not defined",12,0,20,0,2,0,0,0,1,0,1,0,0,"2016-07-06",213,150,"0x6467687d8aaacd7239ee639c8808624013997b92"
"Not defined",381,96,725,3,25,0,10,3,4,27,4,0,0,"2016-08-31",4357,13986,"0x64cda111569fca888611b9445962f663dd41f163"
"Not defined",449,0,831,1,76,0,2,2,6,82,6,0,0,"2016-06-08",9617,14494,"0x65c6a77bf78a6aa5bbb2075026ab027b8c920261"
"Not defined",381,96,725,3,25,0,10,3,4,27,4,0,0,"2016-08-31",4357,13986,"0x66e88fd7987351472a53b33a0117c7c8640496c7"
"Not defined",381,96,725,3,25,0,10,3,4,27,4,0,0,"2016-08-31",4357,13986,"0x6946e6aa0176b687bf248bd9b54ff0721d79842c"
"Not defined",381,96,725,3,25,0,10,3,4,27,4,0,0,"2016-08-31",4357,13986,"0x6a3625143c7508742ed58697dd5ab9fcfcc78df8"
"Not defined",381,96,725,3,25,0,10,3,4,27,4,0,0,"2016-08-31",4357,13986,"0x6adec75681ee5b85f4f6369a73250714eb126720"
"Not defined",2158,260,3973,2,154,0,9,2,7,124,3,4,0,"2017-05-23",12039,19706,"0x6c8f2a135f6ed072de4503bd7c4999a1a17f824b"
"Not defined",381,96,725,3,25,0,10,3,4,27,4,0,0,"2016-08-31",4357,13986,"0x6c901d954fd59747c991b0893f0286e63de4e779"
"Not defined",929,282,1797,3,37,0,4,7,1,17,1,0,0,"2016-06-12",4298,21336,"0x6dfaa563d04a77aff4c4ad2b17cf4c64d2983dc8"
"Not defined",381,96,725,3,25,0,10,3,4,27,4,0,0,"2016-08-31",4357,13986,"0x6e7b843eb9cbd5f57e72927c92acca4eef50c82d"
"Not defined",381,96,725,3,25,0,10,3,4,27,4,0,0,"2016-08-31",4357,13986,"0x6ea5d57efea0f9ff0d496205a13404402b443246"
"Not defined",381,96,725,3,25,0,10,3,4,27,4,0,0,"2016-08-31",4357,13986,"0x70cbeedad3ca598d3106413b20cc6994cf44f089"
"Not defined",327,14,614,2,35,0,0,2,5,12,5,0,0,"2016-06-01",461,8644,"0x71107a8959f1249920cf87dc8c994b9b483d25ef"
"Not defined",381,96,725,3,25,0,10,3,4,27,4,0,0,"2016-08-31",4357,13986,"0x72338855cedbb6b9a0349a0504e11da8067d34f2"
"Not defined",381,96,725,3,25,0,10,3,4,27,4,0,0,"2016-08-31",4357,13986,"0x7426a190051e9afe8597ae0538a4866c9fe2bdc0"
"Not defined",381,96,725,3,25,0,10,3,4,27,4,0,0,"2016-08-31",4357,13986,"0x7426b129af1baca4a6144c6f404ab4b1c5613265"
"Not defined",302,17,588,3,28,0,2,0,2,46,1,1,0,"2016-07-29",3011,6324,"0x74c1e4b8cae59269ec1d85d3d4f324396048f4ac"
"Not defined",381,96,725,3,25,0,10,3,4,27,4,0,0,"2016-08-31",4357,13986,"0x74c708615e2b601fdf3574a3b403d6f093a50482"
"Not defined",119,0,217,0,29,0,2,1,2,36,2,0,0,"2016-05-26",3804,6196,"0x767211accca8574d835e74cfb30af1dbe7e011d3"
"Not defined",179,42,351,0,13,0,0,1,1,5,1,0,0,"2016-03-29",1615,4464,"0x7753a9d834844cfde5c211ec3912b49f0d8b8e11"
"Not defined",381,96,725,3,25,0,10,3,4,27,4,0,0,"2016-08-31",4357,13986,"0x77f02299d5464af874045ac1c74f1f058a4c38f0"
"Not defined",75,0,130,0,4,0,0,1,1,3,1,0,0,"2016-04-03",838,2236,"0x7894ccf2997c8c89a80b86faa012d09d53ed48b9"
"Not defined",381,96,725,3,25,0,10,3,4,27,4,0,0,"2016-08-31",4357,13986,"0x7907d0e8665a7f74f9418758cd001fc51830d816"
"Not defined",381,96,725,3,25,0,10,3,4,27,4,0,0,"2016-08-31",4357,13986,"0x793fae73dc08ee85d0aa83bece49b5045a82af67"
"Not defined",51,6,91,1,5,0,0,0,1,2,1,0,0,"2016-04-11",1014,936,"0x7afaacb0a6cbb93aeb301cb956ae71a35542ecc5"
"Not defined",172,26,330,0,14,0,0,1,1,4,1,0,0,"2016-04-22",1349,4810,"0x7c4a690585ffe89c01aebfce188b9bec8def9e8d"
"Not defined",381,96,725,3,25,0,10,3,4,27,4,0,0,"2016-08-31",4357,13986,"0x7cfa5786f65756062fa48aadda1721fe10a64334"
"Not defined",149,32,275,0,7,0,0,0,1,7,1,0,0,"2016-03-24",1956,5592,"0x7d56485e026d5d3881f778e99969d2b1f90c50af"
"Not defined",381,96,725,3,25,0,10,3,4,27,4,0,0,"2016-08-31",4357,13986,"0x7d63099a1fcdf0aa5ca123e13174b4f7939373d1"
"Not defined",381,96,725,3,25,0,10,3,4,27,4,0,0,"2016-08-31",4357,13986,"0x7ed3b10571afba1c75128bd05cb398a3c28323c7"
"Not defined",381,96,725,3,25,0,10,3,4,27,4,0,0,"2016-08-31",4357,13986,"0x7ef702bf452f0c5d11a3f19e2cb4629094a7622c"
"Not defined",381,96,725,3,25,0,10,3,4,27,4,0,0,"2016-08-31",4357,13986,"0x7f89e3de2735a75ff5a55e151e24ddc58ee255af"
"Not defined",381,96,725,3,25,0,10,3,4,27,4,0,0,"2016-08-31",4357,13986,"0x7fc77bed597bf36d7dcecaf9d1c0d825b8acf85b"
"Not defined",381,96,725,3,25,0,10,3,4,27,4,0,0,"2016-08-31",4357,13986,"0x82f9c057b310a6033903625312bacaa80ac0803a"
"Not defined",551,29,1054,3,53,0,0,2,4,15,4,0,0,"2016-06-14",4104,14304,"0x83cfd2d33bb9ed552a1e4b6af1bc3ea73bdee4f0"
"Not defined",381,96,725,3,25,0,10,3,4,27,4,0,0,"2016-08-31",4357,13986,"0x841165abee4cb83d4cfb9a2e1d4976db4acee6ae"
"Not defined",381,96,725,3,25,0,10,3,4,27,4,0,0,"2016-08-31",4357,13986,"0x8484708536ea8cb41dbb1e49e5a4660dedf12704"
"Not defined",381,96,725,3,25,0,10,3,4,27,4,0,0,"2016-08-31",4357,13986,"0x86c88b9acb712339644a5f7edb813ef383db0eac"
"Not defined",381,96,725,3,25,0,10,3,4,27,4,0,0,"2016-08-31",4357,13986,"0x86fa1fc73d392ad6b2e3b4b610e6a0f95fa180f5"
"Not defined",381,96,725,3,25,0,10,3,4,27,4,0,0,"2016-08-31",4357,13986,"0x88c34fd8a935b4a9ded9a5d5f35cb18c3d0ffdab"
"Not defined",289,49,532,8,20,0,7,1,4,34,4,0,0,"2017-09-24",2717,5148,"0x89205a3a3b2a69de6dbf7f01ed13b2108b2c43e7"
"Not defined",381,96,725,3,25,0,10,3,4,27,4,0,0,"2016-08-31",4357,13986,"0x8b1c551711a38d60b3cab3def7d64efc91f8d26e"
"Not defined",381,96,725,3,25,0,10,3,4,27,4,0,0,"2016-08-31",4357,13986,"0x8b3f7d40261362fa7119e025e39f818dd3e1c572"
"Not defined",381,96,725,3,25,0,10,3,4,27,4,0,0,"2016-08-31",4357,13986,"0x8d3fb842624c3ca5273966c00876be8a19e8afb8"
"Not defined",381,96,725,3,25,0,10,3,4,27,4,0,0,"2016-08-31",4357,13986,"0x8dc1ca7ab695c3ec66400c4fd9d6ec163ea451c4"
"Not defined",381,96,725,3,25,0,10,3,4,27,4,0,0,"2016-08-31",4357,13986,"0x8e85e898a2aa4c921fab0a6932eca9cf8a9070d6"
"Not defined",381,96,725,3,25,0,10,3,4,27,4,0,0,"2016-08-31",4357,13986,"0x8ea72902eb9502650a61e6d5aa6b1cd691af67ee"
"Not defined",381,96,725,3,25,0,10,3,4,27,4,0,0,"2016-08-31",4357,13986,"0x93e66f21b30755a167ee3a083e48662372044ecd"
"Not defined",381,96,725,3,25,0,10,3,4,27,4,0,0,"2016-08-31",4357,13986,"0x94420fcdc18d48bf45a72d118564653de8cf29d9"
"Not defined",381,96,725,3,25,0,10,3,4,27,4,0,0,"2016-08-31",4357,13986,"0x94e1ced37bf4c124750ea4615691350a1e14ab93"
"Not defined",381,96,725,3,25,0,10,3,4,27,4,0,0,"2016-08-31",4357,13986,"0x950be48b7a00bf18569e1f93551143c43a893b1c"
"Not defined",381,96,725,3,25,0,10,3,4,27,4,0,0,"2016-08-31",4357,13986,"0x9662958c46e481c020ddaf6ba06249bc1263b59f"
"Not defined",73,0,143,2,7,0,0,0,1,15,1,0,0,"2016-04-18",735,2072,"0x9758da9b4d001ed2d0df46d25069edf53750767a"
"Not defined",381,96,725,3,25,0,10,3,4,27,4,0,0,"2016-08-31",4357,13986,"0x978d579c5f0d11f0703986033771688e103e2b5d"
"Not defined",381,96,725,3,25,0,10,3,4,27,4,0,0,"2016-08-31",4357,13986,"0x99cdb9f4f1107263fd249add5519fb07d1c4283f"
"Not defined",381,96,725,3,25,0,10,3,4,27,4,0,0,"2016-08-31",4357,13986,"0x9b54fcf429f32dbf1292fa191272e7f4174741cc"
"Not defined",381,96,725,3,25,0,10,3,4,27,4,0,0,"2016-08-31",4357,13986,"0x9b76c818fcf59678a1c6fb3aab23906ea7e1ba44"
"Not defined",381,96,725,3,25,0,10,3,4,27,4,0,0,"2016-08-31",4357,13986,"0x9be98a23ecf71bc4cb0025deb660958bc02c27d2"
"Not defined",261,42,478,3,24,0,1,1,5,20,5,0,0,"2016-05-09",3677,7930,"0xa00fa22499478cc37beb45021a1f1c9f826f72e1"
"Not defined",92,13,168,0,8,0,5,0,1,1,1,0,0,"2016-07-18",1933,4762,"0xa0fd10be97cca603450373cdfaeb08316e684360"
"Not defined",381,96,725,3,25,0,10,3,4,27,4,0,0,"2016-12-11",4357,13986,"0xa2d4035389aae620e36bd828144b2015564c2702"
"Not defined",381,96,725,3,25,0,10,3,4,27,4,0,0,"2016-08-31",4357,13986,"0xa4465891e35d56403db0911bac6f79b0976ca314"
"Not defined",381,96,725,3,25,0,10,3,4,27,4,0,0,"2016-08-31",4357,13986,"0xa5d358f1e77f2360b996c714ee799a43e0cf183b"
"Not defined",381,96,725,3,25,0,10,3,4,27,4,0,0,"2016-08-31",4357,13986,"0xa7043843cb59a7f5abef30da045f903d1739900e"
"Not defined",381,96,725,3,25,0,10,3,4,27,4,0,0,"2016-08-31",4357,13986,"0xa74569544173c98538c8f4cf5e0a1eaabcee3bb0"
"Not defined",211,1,418,2,10,0,0,0,1,7,1,0,0,"2016-05-16",2161,5022,"0xa9e2320d9e6c17eb45a921cb2698b42256f5e142"
"Not defined",152,14,292,0,18,0,0,1,1,4,1,0,0,"2016-03-24",1982,5098,"0xa9e4e3b1da2462752aea980698c335e70e9ab26c"
"Not defined",24,4,43,0,3,0,0,0,2,2,2,0,0,"2016-07-20",182,812,"0xaa1a6e3e6ef20068f7f8d8c835d2d22fd5116444"
"Not defined",749,36,1372,3,64,0,7,21,4,30,4,0,0,"2016-07-14",6226,18362,"0xaae10c1223df062e2df6982a80621977fa8b2d34"
"Not defined",381,96,725,3,25,0,10,3,4,27,4,0,0,"2016-08-31",4357,13986,"0xac85a04cda9063d21d2ad864133134c3455fc7c6"
"Not defined",381,96,725,3,25,0,10,3,4,27,4,0,0,"2016-08-31",4357,13986,"0xad35ea75006516caf6c3adf9cae3b62d60d848fd"
"Not defined",171,29,318,1,14,0,0,0,1,14,1,0,0,"2016-04-25",1019,4982,"0xad87e48d553c2308dccab428537f6d0809593ba4"
"Not defined",55,6,98,1,6,0,0,0,1,2,1,0,0,"2016-04-13",1233,1460,"0xae506bb28ed79b29c6968ab527d1efdc5f399331"
"Not defined",25,0,48,1,4,0,2,0,1,2,1,0,0,"2016-06-18",853,950,"0xaed5a41450b38fc0ea0f6f203a985653fe187d9c"
"Not defined",166,20,299,0,15,0,2,1,2,16,2,0,0,"2016-05-20",4483,5404,"0xaf32279149101fa3f6e3d1768f051593049dcd9f"
"Not defined",381,96,725,3,25,0,10,3,4,27,4,0,0,"2016-08-31",4357,13986,"0xaff7f21555fa5948af3a4b4418a4fd76ec3782a4"
"Not defined",381,96,725,3,25,0,10,3,4,27,4,0,0,"2016-08-31",4357,13986,"0xb07ac386a25714ce6a8f5fad2a1ce1bbc337d9e8"
"Not defined",381,96,725,3,25,0,10,3,4,27,4,0,0,"2016-08-31",4357,13986,"0xb0bdde55ca3185b6c0e8d27f744d993e41cafe50"
"Not defined",381,96,725,3,25,0,10,3,4,27,4,0,0,"2016-08-31",4357,13986,"0xb2e03c8be91bf9157b3287464ec370dd1a33a183"
"Not defined",545,9,1005,1,90,0,2,7,7,93,7,0,0,"2016-07-22",9940,16866,"0xb328b9db206262b62f8291685bfe52b5dadbf1f4"
"Not defined",381,96,725,3,25,0,10,3,4,27,4,0,0,"2016-08-31",4357,13986,"0xb3342927e984a0463575254c89cfada84878f06c"
"Not defined",304,25,593,6,25,0,0,0,2,28,2,0,0,"2016-03-30",2612,9488,"0xb36ce92cad11e7a9b903531f30590ebc2e991ea6"
"Not defined",407,59,768,5,24,0,0,5,1,22,1,0,0,"2016-05-13",2458,22626,"0xb39a89322379ed7d91dc2e8ae1b30989eaf91d41"
"Not defined",381,96,725,3,25,0,10,3,4,27,4,0,0,"2016-08-31",4357,13986,"0xb41c38c4f3c4338674261c8a0c926f7348466c53"
"Not defined",381,96,725,3,25,0,10,3,4,27,4,0,0,"2016-08-31",4357,13986,"0xb43b0b09d9d66bcd4cfd57e93e9becf93323525b"
"Not defined",381,96,725,3,25,0,10,3,4,27,4,0,0,"2016-08-31",4357,13986,"0xb4545672485a6f3f5e89eab4e4eb728146ebfa19"
"Not defined",381,96,725,3,25,0,10,3,4,27,4,0,0,"2016-08-31",4357,13986,"0xb4f24b85a6e8f2e122c461eb23802694105cfc48"
"Not defined",381,96,725,3,25,0,10,3,4,27,4,0,0,"2016-08-31",4357,13986,"0xb562bd22ede8ddf212eac3843d326c0aa039753a"
"Not defined",15,0,28,0,2,0,0,0,1,4,1,0,0,"2016-07-17",231,962,"0xb671c3883307cf05bb3dff77a9754e87b4347195"
"Not defined",381,96,725,3,25,0,10,3,4,27,4,0,0,"2016-08-31",4357,13986,"0xb6fe398f94406c298c5cca9efc3670994c0ad409"
"Not defined",381,96,725,3,25,0,10,3,4,27,4,0,0,"2016-08-31",4357,13986,"0xb7cea56bfc73e658ac2f298d5976efc956ad738c"
"Not defined",381,96,725,3,25,0,10,3,4,27,4,0,0,"2016-08-31",4357,13986,"0xb8fc85922fe81e4ac72f8c099ea5c8ff76485905"
"Not defined",349,20,681,1,28,0,1,1,1,18,1,0,0,"2016-04-06",3508,18790,"0xba6284ca128d72b25f1353fadd06aa145d9095af"
"Not defined",31,0,52,1,5,0,0,0,1,6,1,0,0,"2016-05-27",622,720,"0xbad661c5a1970342ade69857689738b6c8d9da51"
"Not defined",1235,302,398,11,71,0,11,3,9,116,9,0,0,"2016-05-02",9450,26000,"0xbb9bc244d798123fde783fcc1c72d3bb8c189413"
"Not defined",381,96,725,3,25,0,10,3,4,27,4,0,0,"2016-08-31",4357,13986,"0xbcb7da3eaf62b52337defe89ed5911fc0860f4c3"
"Not defined",381,96,725,3,25,0,10,3,4,27,4,0,0,"2016-08-31",4357,13986,"0xbd021d087a3f8dc644227eff7a48b6e5e46a8efc"
"Not defined",381,96,725,3,25,0,10,3,4,27,4,0,0,"2016-08-31",4357,13986,"0xbd9721a7bcbd0d280d2a7b220f3b4b2f313cf8b8"
"Not defined",381,96,725,3,25,0,10,3,4,27,4,0,0,"2016-08-31",4357,13986,"0xbdf8ad3e8ee16cc7322384d7775a849541ce8394"
"Not defined",381,96,725,3,25,0,10,3,4,27,4,0,0,"2016-08-31",4357,13986,"0xbe584700b700ecc740b85bd23d918e676dab366e"
"Not defined",381,96,725,3,25,0,10,3,4,27,4,0,0,"2016-08-31",4357,13986,"0xbe98893fa70adc4eb79047be2639014642bc481f"
"Not defined",381,96,725,3,25,0,10,3,4,27,4,0,0,"2016-08-31",4357,13986,"0xbf4bf9e6382b96f173d298575ff006e9fa8eb448"
"Not defined",22,0,38,0,4,0,0,0,2,4,2,0,0,"2016-07-14",380,2406,"0xbf4ed7b27f1d666546e30d74d50d173d20bca754"
"Not defined",381,96,725,3,25,0,10,3,4,27,4,0,0,"2016-08-31",4357,13986,"0xc1eeede2095b2cd8b1b41998be091851d0233e3d"
"Not defined",381,96,725,3,25,0,10,3,4,27,4,0,0,"2016-08-31",4357,13986,"0xc4866a1470d9e759272cab4e61a9ae78876e1d1f"
"Not defined",381,96,725,3,25,0,10,3,4,27,4,0,0,"2016-08-31",4357,13986,"0xc5841ad0414d1b3d62066fdd75aa01a587207e24"
"Not defined",381,96,725,3,25,0,10,3,4,27,4,0,0,"2016-08-31",4357,13986,"0xc6aebfc53c5d8be6f19b3d270a322b81b47f3305"
"Not defined",223,32,410,8,26,0,6,1,4,55,4,0,0,"2016-07-08",4424,6682,"0xc6b330df38d6ef288c953f1f2835723531073ce2"
"Not defined",381,96,725,3,25,0,10,3,4,27,4,0,0,"2016-08-31",4357,13986,"0xc727c1ae0ed3a7b8be9ba4147f5e65344c2174fd"
"Not defined",381,96,725,3,25,0,10,3,4,27,4,0,0,"2016-08-31",4357,13986,"0xc84e57efdaa484bf5603011608ce97c5ef7b3deb"
"Not defined",381,96,725,3,25,0,10,3,4,27,4,0,0,"2016-08-31",4357,13986,"0xc979c5b4146659da34a7e7b2ab2b605c96193007"
"Not defined",381,96,725,3,25,0,10,3,4,27,4,0,0,"2016-08-31",4357,13986,"0xc980279d1de56e01086d786c633ba3bb20829f2b"
"Not defined",381,96,725,3,25,0,10,3,4,27,4,0,0,"2016-08-31",4357,13986,"0xc9af344830d68f599ff244212bc6179416894d9c"
"Not defined",381,96,725,3,25,0,10,3,4,27,4,0,0,"2016-08-31",4357,13986,"0xce0fe8bf1bf2bba031f39dd8a37fcda292eb8055"
"Not defined",167,14,318,2,12,0,4,0,1,3,1,0,0,"2016-07-28",2968,7770,"0xcf00354366bca2f2cd49007bfaeac49d97463200"
"Not defined",551,29,1054,3,53,0,0,2,4,15,4,0,0,"2016-06-14",4104,14304,"0xcf7cba701ded5c4d8e588e64f70b6ba1c17ea277"
"Not defined",381,96,725,3,25,0,10,3,4,27,4,0,0,"2016-08-31",4357,13986,"0xd0e22e667dabb67eb220bb85e5c99d8c52d2e449"
"Not defined",1235,302,2254,11,71,0,11,3,9,116,9,0,0,"2016-06-20",781,888,"0xd2e16a20dd7b1ae54fb0312209784478d069c7b0"
"Not defined",381,96,725,3,25,0,10,3,4,27,4,0,0,"2016-08-31",4357,13986,"0xd43debcba56da6e645cd34f1b520908ef4033f4f"
"Not defined",218,68,406,2,5,0,1,0,1,9,1,0,0,"2016-06-28",1449,7362,"0xd588b586d61c826a0e87919b3d1a239206d58bf2"
"Not defined",381,96,725,3,25,0,10,3,4,27,4,0,0,"2016-08-31",4357,13986,"0xd6e5113802833bdeb7f062ccec95f3c32d17a000"
"Not defined",381,96,725,3,25,0,10,3,4,27,4,0,0,"2016-08-31",4357,13986,"0xd73026b0494d25427f3d1a7743babe1bddf8a035"
"Not defined",119,0,217,0,29,0,2,1,2,36,2,0,0,"2016-05-26",3804,6196,"0xd7747ea921d5f891accc3384e6712992e9465adc"
"Not defined",381,96,725,3,25,0,10,3,4,27,4,0,0,"2016-08-31",4357,13986,"0xd9bbba0f2a4bb4348ffe6c6ee46e576cced26afe"
"Not defined",379,96,722,3,25,0,10,3,4,27,4,0,0,"2016-05-30",4032,8768,"0xda4a4626d3e16e094de3225a751aab7128e96526"
"Not defined",381,96,725,3,25,0,10,3,4,27,4,0,0,"2016-08-31",4357,13986,"0xdbdcc84b28eb5a3e1f5b9ff2b4e8bc6d7af7a651"
"Not defined",381,96,725,3,25,0,10,3,4,27,4,0,0,"2016-08-31",4357,13986,"0xdc1ac766e89d338c23eb69141b0034f935e5fec1"
"Not defined",180,32,330,0,19,0,0,1,1,5,1,0,0,"2016-04-18",2030,6774,"0xdcabd383a7c497069d0804070e4ba70ab6ecdd51"
"Not defined",381,96,725,3,25,0,10,3,4,27,4,0,0,"2016-08-31",4357,13986,"0xdcc5f666f31828fd378f0a91bd45b286599a4308"
"Not defined",547,118,978,18,76,0,11,4,5,96,5,0,0,"2016-04-28",2864,8062,"0xe0b7927c4af23765cb51314a0e0521a9645f0e2a"
"Not defined",381,96,725,3,25,0,10,3,4,27,4,0,0,"2016-08-31",4357,13986,"0xe4e61488f66872d6c5ade7c746d6241b9941c359"
"Not defined",186,42,348,1,11,0,1,3,3,12,3,0,0,"2016-06-16",1744,6826,"0xe709c6c933bda30963274d5bdd1e556c655c59fe"
"Not defined",381,96,725,3,25,0,10,3,4,27,4,0,0,"2016-08-31",4357,13986,"0xe81e6a0ce0137432e9a5453ab831697d10b6a931"
"Not defined",152,14,267,0,18,0,0,1,1,4,1,0,0,"2016-03-25",2033,5136,"0xe82719202e5965cf5d9b6673b7503a3b92de20be"
"Not defined",381,96,725,3,25,0,10,3,4,27,4,0,0,"2016-08-31",4357,13986,"0xe91d000af9e78dd8a3249279767492feb9979d99"
"Not defined",44,7,85,0,2,0,1,1,1,2,1,0,0,"2016-03-31",714,866,"0xe941e5d4a66123dc74886699544fbbb942f1887a"
"Not defined",28,4,51,0,3,0,1,0,2,3,2,0,0,"2016-07-25",285,1052,"0xe94b04a0fed112f3664e45adb2b8915693dd5ff3"
"Not defined",381,96,725,3,25,0,10,3,4,27,4,0,0,"2016-08-31",4357,13986,"0xe9a8becfdd16494e10cc45bc05a95357ec4708d2"
"Not defined",381,96,725,3,25,0,10,3,4,27,4,0,0,"2016-08-31",4357,13986,"0xeb04e1545a488a5018d2b5844f564135211d3696"
"Not defined",24,4,43,0,3,0,0,0,2,2,2,0,0,"2016-07-20",182,812,"0xebf2bf80c3ddb0b6ac2f88be8dceec7bf12dff22"
"Not defined",594,122,1078,14,80,0,5,2,5,78,5,0,0,"2016-03-30",5188,7448,"0xf0160428a8552ac9bb7e050d90eeade4ddd52843"
"Not defined",381,96,725,3,25,0,10,3,4,27,4,0,0,"2016-08-31",4357,13986,"0xf1d32c895c74fa009e363a7f750667c11f7f90c9"
"Not defined",381,96,725,3,25,0,10,3,4,27,4,0,0,"2016-08-31",4357,13986,"0xf3c95dbe565cff98f8bd45613ba0d4a37525ed95"
"Not defined",114,20,216,1,9,0,0,0,1,8,1,0,0,"2016-03-24",1734,4694,"0xf45717552f12ef7cb65e95476f217ea008167ae3"
"Not defined",381,96,725,3,25,0,10,3,4,27,4,0,0,"2016-08-31",4357,13986,"0xf5b8a77050b98255fbde71dff6a538fe25b2d574"
"Not defined",381,96,725,3,25,0,10,3,4,27,4,0,0,"2016-08-31",4357,13986,"0xf69d873d7f5e8988d4abb76e3f5d3d0e2b0f807a"
"Not defined",381,96,725,3,25,0,10,3,4,27,4,0,0,"2016-08-31",4357,13986,"0xf74e43ddbfaaa6d2675aca4560f6cff5f91754fe"
"Not defined",75,0,130,0,4,0,0,1,1,3,1,0,0,"2016-04-05",838,2236,"0xf835b307bc5348194ae01ed729170c84217ba688"
"Not defined",381,96,725,3,25,0,10,3,4,27,4,0,0,"2016-08-31",4357,13986,"0xfb1e66a7b36d251efc9a0479978c403f2c347c79"
"Not defined",381,96,725,3,25,0,10,3,4,27,4,0,0,"2016-08-31",4357,13986,"0xfb6315f71f04d9b27948674b25ec1794db43ebc5"
"Not defined",289,49,532,8,20,0,7,1,4,34,4,0,0,"2016-08-05",5235,14122,"0xfb6916095ca1df60bb79ce92ce3ea74c37c5d359"
"Not defined",381,96,725,3,25,0,10,3,4,27,4,0,0,"2016-08-31",4357,13986,"0xfb6b34e39ff2c2dd8e1e59e73a96f0e710629faf"
"Not defined",73,8,131,0,5,0,0,1,1,3,1,0,0,"2016-03-30",926,2312,"0xfd2487cc0e5dce97f08be1bc8ef1dce8d5988b4d"
"Not defined",306,4,558,1,41,0,4,2,9,60,9,0,0,"2016-05-18",5439,13716,"0xfe1a96cd0bfb3245d83808b9aba6538576145920"
